{
  "learning_rate": 0.003071523755917814,
  "reward_history": [
    0.0,
    0.3571428571428571,
    0.3125,
    0.2777777777777778,
    0.25,
    0.31818181818181823,
    0.29166666666666663,
    0.2692307692307693,
    0.3214285714285714,
    0.30000000000000004,
    0.28125,
    0.2647058823529411,
    0.25,
    0.25,
    0.2375,
    0.22619047619047616,
    0.21590909090909088,
    0.20652173913043476,
    0.19791666666666669,
    0.19,
    0.1826923076923077,
    0.16304347826086957,
    0.375,
    0.4085820895522388,
    0.4085820895522388,
    0.40470180046316884,
    0.4075,
    0.4038732394366197,
    0.4003472222222222,
    0.4065068493150685,
    0.4125
  ]
}