{
  "learning_rate": 0.0017103393581163148,
  "reward_history": [
    0.0,
    0.3571428571428571,
    0.3125,
    0.2777777777777778,
    0.25,
    0.31818181818181823,
    0.29166666666666663,
    0.2692307692307693,
    0.3214285714285714,
    0.30000000000000004,
    0.28125
  ]
}